Programmatic Name,Velocity Register
val_sys_ep_inpRmsPhsAN,4096
val_sys_ep_inpRmsPhsAB,4097
val_sys_ep_inpRmsPhsBN,4098
val_sys_ep_inpRmsPhsBC,4099
val_sys_ep_inpRmsPhsCN,4100
val_sys_ep_inpRmsPhsCA,4101
val_sys_ep_inpNom,4102
val_sys_freq_inpNom,4103
val_sys_ec_inpNom,4104
val_sys_freq_inp,4105
val_sys_ep_inpMaxPhsAN,4106
val_sys_ep_inpMinPhsAN,4107
val_sys_ep_inpMaxPhsBN,4108
val_sys_ep_inpMinPhsBN,4109
val_sys_ep_inpMaxPhsCN,4110
val_sys_ep_inpMinPhsCN,4111
val_sys_na_inpPhsCnt,4112
val_sys_ec_inpRmsPhsA,4113
val_sys_ec_inpRmsPhsB,4114
val_sys_ec_inpRmsPhsC,4115
val_sys_na_inpPwrFactPhsA,4116
val_sys_na_inpPwrFactPhsB,4117
val_sys_na_inpPwrFactPhsC,4118
val_sys_na_inpBrownCnt,4119
val_sys_na_inpBlackCnt,4120
val_sys_na_inpTransientCnt,4121
evt_sys_inpNotQualified,4122
st_sys_status,4123
st_grp_summaryStatus,4124
val_byp_ep_inpRmsPhsAB,4125
val_byp_ep_inpRmsPhsBC,4126
val_byp_ep_inpRmsPhsCA,4127
val_byp_ep_inpRmsPhsAN,4128
val_byp_ep_inpRmsPhsBN,4129
val_byp_ep_inpRmsPhsCN,4130
val_byp_freq_inp,4131
evt_byp_outOverloadPhsA,4132
evt_byp_outOverloadPhsB,4133
evt_byp_outOverloadPhsC,4134
evt_byp_unavail,4135
val_byp_pha_syncDiff,4136
evt_byp_autoReXfrPrimed,4137
evt_byp_autoReXfrFailed,4138
evt_byp_excessAutoReXfr,4139
evt_byp_restartInhibitExt,4140
evt_byp_brkrClosed,4141
evt_byp_sbsOverload,4142
evt_byp_sbsUnavail,4143
evt_byp_excessPulseParallel,4144
evt_byp_autoXfrFailed,4145
evt_sys_inpPhsRotation,4146
evt_sys_inpCurrentLimit,4147
val_dcb_ep_dcBus,4148
val_dcb_ec_dcBus,4149
val_bat_tm_remaining,4150
val_bat_tm_discharge,4151
val_bat_tm_totalDischarge,4152
val_bat_pct_charge,4153
val_bat_ep_mainDisconnect,4154
val_bat_ep_cabinet,4155
val_bat_temp_cabinet,4156
val_byp_tm_sbsOverloadRemain,4157
val_bat_ah_consumed,4158
val_bat_pwr_discharge,4159
val_bat_tm_commissioned,4160
val_bat_tm_lastDischarge,4161
evt_bat_low,4162
evt_sys_outOffEoD,4163
evt_bat_chargeError,4164
evt_bat_chargeReducedExt,4165
evt_bat_capacityLow,4166
evt_out_off,4167
evt_bat_discharging,4168
evt_bat_tempImbalance,4169
evt_bat_equalize,4170
evt_bat_manualTest,4171
evt_bat_autoTest,4172
evt_bat_mainDisconnectOpen,4173
evt_bat_tempSnsrFail,4174
evt_byp_freqErr,4175
evt_bat_brkr01Open,4176
evt_bat_brkr01OpenFail,4177
evt_bat_brkr01CloseFail,4178
evt_bat_brkr02Open,4179
evt_bat_brkr02OpenFail,4180
evt_bat_brkr02CloseFail,4181
evt_bat_brkr03Open,4182
evt_bat_brkr03OpenFail,4183
evt_bat_brkr03CloseFail,4184
evt_bat_brkr04Open,4185
evt_bat_brkr04OpenFail,4186
evt_bat_brkr04CloseFail,4187
evt_bat_brkr05Open,4188
evt_bat_brkr05OpenFail,4189
evt_bat_brkr05CloseFail,4190
evt_bat_brkr06Open,4191
evt_bat_brkr06OpenFail,4192
evt_bat_brkr06CloseFail,4193
evt_bat_brkr07Open,4194
evt_bat_brkr07OpenFail,4195
evt_bat_brkr07CloseFail,4196
evt_bat_brkr08Open,4197
evt_bat_brkr08OpenFail,4198
evt_bat_brkr08CloseFail,4199
evt_bat_chargeInhibit,4200
val_sys_ep_outRmsPhsAB,4201
val_sys_ep_outRmsPhsBC,4202
val_sys_ep_outRmsPhsCA,4203
val_sys_ec_outRmsPhsA,4204
val_sys_ec_outRmsPhsB,4205
val_sys_ec_outRmsPhsC,4206
val_sys_freq_out,4207
val_sys_pwr_out,4208
val_sys_ap_out,4209
val_sys_na_outPwrFactPhsA,4210
val_sys_na_outPwrFactPhsB,4211
val_sys_na_outPwrFactPhsC,4212
evt_sys_outEPO,4213
evt_sys_outREPO,4214
evt_sys_outOff,4215
evt_byp_backfeed,4216
evt_byp_manXfrInhibited,4217
evt_byp_manReXfrInhibited,4218
evt_bat_tempOver,4219
evt_bat_monitor01Ext,4220
evt_bat_monitor02Ext,4221
evt_bat_groundFault,4222
val_sys_pct_outPwrPhsAN,4223
val_sys_pct_outPwrPhsBN,4224
val_sys_pct_outPwrPhsCN,4225
val_sys_pct_outVaPhsA,4226
val_sys_pct_outVaPhsB,4227
val_sys_pct_outVaPhsC,4228
evt_sys_outEPOLatched,4229
evt_sys_outLowPwrFactor,4230
evt_sys_outCurrentLimitHigh,4231
val_inv_tm_overloadRemaing,4232
evt_inv_failure,4233
evt_inv_overloadPhsA,4234
evt_inv_overloadPhsB,4235
evt_inv_overloadPhsC,4236
evt_inv_restartInhibitExt,4237
evt_inv_outBrkrFailOpen,4238
evt_inv_outBrkrFailClose,4239
str_sys_modelNumber,4240
str_mbs_modelNumber,4241
str_bat_cabinetModelNumber,4242
str_spc_modelNumber,4243
str_sys_serialNumber,4244
str_mbs_serialNumber,4245
str_spc_serialNumber,4246
str_sys_siteIdentifier,4247
str_sys_siteEquipmentTagNumber,4248
str_bat_cabinet01serialNumber,4249
str_bat_cabinet02serialNumber,4250
str_bat_cabinet03serialNumber,4251
str_bat_cabinet04serialNumber,4252
str_bat_cabinet05serialNumber,4253
str_bat_cabinet06serialNumber,4254
str_bat_cabinet07serialNumber,4255
str_bat_cabinet08serialNumber,4256
st_rct_cfgPulseCount,4257
st_rct_cfgInpFilterPassive,4258
val_byp_ep_nominal,4259
val_sys_ep_outNom,4260
val_sys_freq_outNom,4261
val_bat_na_leadAcidCellCount,4262
val_bat_na_niCadCellCount,4263
val_sys_va_outRated,4264
val_sys_w_outRated,4265
st_inp_cfgIsolationTransformer,4266
val_sys_ec_outRating,4267
val_sys_na_upsModuleCount,4268
val_sys_na_upsModuleRdntCnt,4269
evt_ext_inpContact01,4270
evt_ext_inpContact02,4271
evt_ext_inpContact03,4272
evt_ext_inpContact04,4273
evt_ext_inpContact05,4274
evt_ext_inpContact06,4275
evt_ext_inpContact07,4276
evt_ext_inpContact08,4277
evt_ext_inpContact09,4278
evt_ext_inpContact10,4279
evt_ext_inpContact11,4280
evt_ext_inpContact12,4281
evt_ext_inpContact13,4282
evt_ext_inpContact14,4283
evt_ext_inpContact15,4284
evt_ext_inpContact16,4285
evt_sys_userOutAmpOverPhsA,4286
evt_sys_userOutAmpOverPhsB,4287
evt_sys_userOutAmpOverPhsC,4288
evt_inv_xfrInhibitExt,4289
evt_inv_shutdownOverload,4290
val_sys_temp_inletAir,4291
val_sys_tm_operating,4292
val_sys_tm_dateTime,4293
evt_sys_inletAirOverTemp,4294
evt_rct_failure,4295
evt_rct_inhibitExt,4296
evt_sys_loadOnInverter,4297
evt_sys_loadOnBypass,4298
evt_sys_loadOnMaintBypass,4299
evt_sys_internalCommFailure,4300
st_rct_cfgInpFilterPassiveSwitch,4301
st_rct_cfgInpFilterActive,4302
st_sys_cfgUpsModuleType,4303
st_sys_cfgBypWire,4304
st_sys_cfgOutWire,4305
st_sys_cfgStaticSwitchType,4306
st_ups_outputSource,4307
evt_dcb_groundFaultPos,4308
evt_dcb_groundFaultNeg,4309
evt_sys_overTemperature,4310
evt_sys_fanFailure,4311
evt_sys_fanMultipleFailure,4312
evt_sys_passwordChanged,4313
evt_sys_powerSupplyFailure,4314
evt_sys_inpOnGenerator,4315
evt_sys_autoRestartInProgress,4316
evt_sys_autoRestartInhibitExt,4317
st_sys_inpSource,4318
st_load_source,4319
evt_byp_manXfr,4320
evt_byp_manReXfr,4321
evt_bat_testPassed,4322
evt_bat_testFailed,4323
evt_bat_testManualStop,4324
evt_byp_backfeedBrkrOpen,4325
st_sys_fanStatus,4326
st_sys_fanRedundant,4327
st_sys_fanCapacity,4328
str_sys_name,4329
str_sys_description,4330
str_sys_location,4331
str_sys_contact,4332
str_sys_manufacturer,4333
val_sys_tm_manufacturerDate,4334
str_sys_firmwareVersion,4335
val_stk_na_vel485outBufPeak,4336
val_stk_na_vel485outBufSize,4337
val_stk_na_vel485HeaderCrcErrors,4338
val_stk_na_vel485DataCrcErrors,4339
val_stk_na_velAuthenFailure,4340
evt_stk_velAuthenFailure,4341
val_stk_na_velRtrCacheMissCnt,4342
str_sys_netAddress,4343
str_sys_netGateway,4344
str_sys_netMask,4345
str_sys_netDNS1,4346
str_sys_netDNS2,4347
str_rcp_labelSysAssign,4348
st_rcp_type,4349
st_rcp_lineSource,4350
st_rcp_capabilities,4351
val_rcp_ep_outRms,4352
val_rcp_ec_outRms,4353
val_rcp_pwr_out,4354
val_rcp_ap_out,4355
val_rcp_pf,4356
val_rcp_freq,4357
val_rcp_enrg_accumulated,4358
str_rcp_labelUsrAssign,4359
evt_rcp_ec_over,4360
evt_rcp_ec_under,4361
st_rcp_pwrState,4362
str_rcp_assetTag01,4363
str_rcp_assetTag02,4364
st_rcp_control,4365
st_rcp_controlLock,4366
val_rcp_ec_thrshldUnderAlarm,4367
val_rcp_ec_thrshldOverWarn,4369
val_rcp_ec_thrshldOverAlarm,4370
val_rcp_pwrOnDelay,4371
str_rem_labelSysAssign,4372
str_rem_model,4373
st_rem_rcpType,4374
st_rem_capabilities,4375
st_rem_lineSource,4376
val_rem_rcpCnt,4377
val_rem_ep_rated,4378
val_rem_ec_rated,4379
val_rem_freq_rated,4380
val_rem_enrg_accumulated,4381
evt_sys_inpCurrentImbal,4382
evt_byp_remoteOffExt,4383
evt_bat_disconnectEoD,4384
val_sys_ep_outRmsPhsAN,4385
val_sys_ep_outRmsPhsBN,4386
val_sys_ep_outRmsPhsCN,4387
evt_sys_outFault,4389
evt_inv_offExt,4390
evt_inv_ssSCRShort,4391
evt_sys_tempSensorError,4392
str_aps_labelSysAssign,4393
str_rem_serialNumber,4394
val_aps_posRel,4395
val_rem_posRel,4396
val_rcp_pos,4397
str_rem_snAps,4398
str_rcp_snRem,4399
str_rem_firmwareVersion,4400
val_rem_ep_LN,4401
val_rem_ec_LN,4402
val_rem_pwr_LN,4403
val_rem_ap_LN,4404
val_rem_pf_LN,4405
evt_rem_ec_overLN,4406
evt_rem_ec_underLN,4407
val_rem_ec_thrshldUnderAlarmLN,4408
val_rem_ec_thrshldOverWarnLN,4409
val_rem_ec_thrshldOverAlarmLN,4410
val_rem_ep_LL,4411
val_rem_ec_LL,4412
val_rem_pwr_LL,4413
val_rem_ap_LL,4414
val_rem_pf_LL,4415
evt_rem_ec_overLL,4416
evt_rem_ec_underLL,4417
val_rem_ec_thrshldUnderAlarmLL,4418
val_rem_ec_thrshldOverWarnLL,4419
val_rem_ec_thrshldOverAlarmLL,4420
evt_rem_failure,4421
str_pem_labelSysAssign,4422
str_pem_model,4423
st_pem_wiringType,4424
val_pem_ep_inputRated,4425
val_pem_ec_inputRated,4426
val_pem_freq_rated,4427
val_pem_enrg_accumulated,4428
str_pem_serialNumber,4429
str_pem_firmwareVersion,4430
val_pem_ep_LN,4431
val_pem_ec_LN,4432
val_pem_pwr_LN,4433
val_pem_ap_LN,4434
val_pem_pf_LN,4435
evt_pem_ec_overLN,4436
evt_pem_ec_underLN,4437
evt_sys_intrnlTempRise,4438
evt_sys_autoRestartFailed,4439
evt_sys_fuseFailure,4440
evt_sys_controllerError,4441
evt_sys_breakerOpenFail,4442
val_pem_ep_LL,4443
val_pem_ec_LL,4444
val_pem_pwr_LL,4445
val_pem_ap_LL,4446
val_pem_pf_LL,4447
evt_pem_ec_overLL,4448
evt_pem_ec_underLL,4449
val_pem_ep_L1L2,4450
val_pem_ep_L2L3,4451
val_pem_ep_L3L1,4452
val_pem_ep_L1N,4453
val_pem_ep_L2N,4454
val_pem_ep_L3N,4455
val_pem_ec_L1,4456
val_pem_ec_L2,4457
val_pem_ec_L3,4458
val_pem_pwr_L1,4459
val_pem_pwr_L2,4460
val_pem_pwr_L3,4461
val_pem_ap_L1,4462
val_pem_ap_L2,4463
val_pem_ap_L3,4464
val_pem_pf_L1,4465
val_pem_pf_L2,4466
val_pem_pf_L3,4467
evt_pem_ec_overL1,4468
evt_pem_ec_overL2,4469
evt_pem_ec_overL3,4470
evt_pem_ec_underL1,4471
evt_pem_ec_underL2,4472
evt_pem_ec_underL3,4473
val_pem_ec_thrshldUnderAlarmLN,4474
val_pem_ec_thrshldOverWarnLN,4475
val_pem_ec_thrshldOverAlarmLN,4476
val_pem_ec_thrshldUnderAlarmLL,4477
val_pem_ec_thrshldOverWarnLL,4478
val_pem_ec_thrshldOverAlarmLL,4479
val_pem_ec_thrshldUnderAlarmL1,4480
val_pem_ec_thrshldUnderAlarmL2,4481
val_pem_ec_thrshldUnderAlarmL3,4482
val_pem_ec_thrshldOverWarnL1,4483
val_pem_ec_thrshldOverWarnL2,4484
val_pem_ec_thrshldOverWarnL3,4485
val_pem_ec_thrshldOverAlarmL1,4486
val_pem_ec_thrshldOverAlarmL2,4487
val_pem_ec_thrshldOverAlarmL3,4488
str_aps_labelUsrAssign,4489
str_aps_assetTag01,4490
str_aps_assetTag02,4491
evt_rcp_pwrStateChngOn,4492
evt_rcp_pwrStateChngOff,4493
evt_rem_breakerOpen,4494
evt_aps_configChng,4495
evt_bdm_removed,4496
evt_bdm_discovered,4497
str_aps_serialNumber,4498
str_pem_snAps,4499
evt_pem_ec_over,4500
evt_pem_ec_under,4501
evt_pem_failure,4502
evt_pem_failureComm,4503
evt_rem_removed,4504
evt_rem_discovered,4505
evt_rem_ec_over,4506
evt_rem_ec_under,4507
evt_rcp_loadRemoved,4508
evt_rcp_loadAdded,4509
val_rcp_id,4510
val_rem_id,4511
val_pem_id,4512
val_aps_id,4513
val_pem_pwr_total,4514
val_pem_enrg_accumulatedL1,4515
val_pem_enrg_accumulatedL2,4516
val_pem_enrg_accumulatedL3,4517
str_rem_labelUsrAssign,4518
str_rem_assetTag01,4519
str_rem_assetTag02,4520
str_mod_serialNumber,4521
st_pdu_moduleType,4522
evt_mod_removed,4523
evt_mod_added,4524
val_rcp_pct_ecThrshldUnderAlarm,4525
val_rcp_pct_ecThrshldOverWarn,4526
val_rcp_pct_ecThrshldOverAlarm,4527
val_rem_pct_ecThrshldUnderAlarmLN,4528
val_rem_pct_ecThrshldOverWarnLN,4529
val_rem_pct_ecThrshldOverAlarmLN,4530
val_rem_pct_ecThrshldUnderAlarmLL,4531
val_rem_pct_ecThrshldOverWarnLL,4532
val_rem_pct_ecThrshldOverAlarmLL,4533
val_pem_pct_ecThrshldUnderAlarmL1,4534
val_pem_pct_ecThrshldUnderAlarmL2,4535
val_pem_pct_ecThrshldUnderAlarmL3,4536
val_pem_pct_ecThrshldOverWarnL1,4537
val_pem_pct_ecThrshldOverWarnL2,4538
val_pem_pct_ecThrshldOverWarnL3,4539
val_pem_pct_ecThrshldOverAlarmL1,4540
val_pem_pct_ecThrshldOverAlarmL2,4541
val_pem_pct_ecThrshldOverAlarmL3,4542
val_pem_pct_ecThrshldUnderAlarmLN,4543
val_pem_pct_ecThrshldOverWarnLN,4544
val_pem_pct_ecThrshldOverAlarmLN,4545
val_pem_pct_ecThrshldUnderAlarmLL,4546
val_pem_pct_ecThrshldOverWarnLL,4547
val_pem_pct_ecThrshldOverAlarmLL,4548
st_sys_resetToFctryDflts,4549
evt_sys_frmwrUpdtRqrd,4550
evt_sys_testEvent,4551
val_sys_na_deviceCnt,4552
st_sys_serverClass,4553
val_pem_ecAvailThrshldAlarm_LN,4554
val_pem_ecUtlztnThrshldAlarm_LN,4555
val_pem_ecAvailThrshldAlarm_LL,4556
val_pem_ecUtlztnThrshldAlarm_LL,4557
val_pem_ecAvailThrshldAlarm_L1,4558
val_pem_ecAvailThrshldAlarm_L2,4559
val_pem_ecAvailThrshldAlarm_L3,4560
val_pem_ecUtlztnThrshldAlarm_L1,4561
val_pem_ecUtlztnThrshldAlarm_L2,4562
val_pem_ecUtlztnThrshldAlarm_L3,4563
val_rem_ecAvailThrshldAlarm_LN,4564
val_rem_ecUtlztnThrshldAlarm_LN,4565
val_rem_ecAvailThrshldAlarm_LL,4566
val_rem_ecUtlztnThrshldAlarm_LL,4567
val_rcp_ecAvailThrshldAlarm,4568
val_rcp_ecUtlztnThrshldAlarm,4569
val_aux_sensorId,4570
str_aux_sensorLabelSysAssign,4571
val_aux_sensorPos,4572
str_aux_sensorSnAps,4573
st_aux_sensorMeasType,4574
str_aux_sensorLabelUsrAssign,4575
str_aux_sensorAssetTag01,4576
str_aux_sensorAssetTag02,4577
str_aux_tmpSensorSerialNumber,4578
val_aux_tmp_sensorMeasure,4579
evt_aux_tmpSensorOver,4580
evt_aux_tmpSensorUnder,4581
val_aux_tmp_snsrThrshldOvrWrn,4582
val_aux_tmp_snsrThrshldOvrAlrm,4583
val_aux_tmp_snsrThrshldUnderWrn,4584
val_aux_tmp_snsrThrshldUnderAlrm,4585
str_aux_hmdSensorSerialNumber,4586
val_aux_hmd_sensorMeasure,4587
evt_aux_hmdSensorOver,4588
evt_aux_hmdSensorUnder,4589
val_aux_hmd_snsrThrshldOvrWrn,4590
val_aux_hmd_snsrThrshldOvrAlrm,4591
val_aux_hmd_snsrThrshldUnderWrn,4592
val_aux_hmd_snsrThrshldUnderAlrm,4593
val_ext_tmp_airA,4594
val_ext_pct_hmdtyAirA,4595
val_ext_tmp_dewPntA,4596
val_ext_tmp_airB,4597
val_ext_pct_hmdtyAirB,4598
val_ext_tmp_dewPntB,4599
val_ext_tmp_airOverThrshld,4600
evt_ext_tmpAirOverA,4601
st_ext_tmpAirOverEnableA,4602
st_ext_tmpAirOverTypeA,4603
evt_ext_tmpAirOverB,4604
st_ext_tmpAirOverEnableB,4605
st_ext_tmpAirOverTypeB,4606
val_ext_tmp_airUnderThrshld,4607
evt_ext_tmpAirUnderA,4608
st_ext_tmpAirUnderEnableA,4609
st_ext_tmpAirUnderTypeA,4610
evt_ext_tmpAirUnderB,4611
st_ext_tmpAirUnderEnableB,4612
st_ext_tmpAirUnderTypeB,4613
val_ext_tmp_dewPntOverThrshld,4614
evt_ext_tmpDewPntOver,4615
st_ext_tmpDewPntOverEnable,4616
st_ext_tmpDewPntOverType,4617
evt_ext_snsrAirIssueA,4618
st_ext_snsrAirIssueEnableA,4619
st_ext_snsrAirIssueTypeA,4620
evt_ext_snsrAirIssueB,4621
st_ext_snsrAirIssueEnableB,4622
st_ext_snsrAirIssueTypeB,4623
val_clng_tmp_supCW,4624
val_clng_tmp_supCWOverThrshld,4625
evt_clng_tmpSupCWOver,4626
st_clng_tmpSupCWOverEnable,4627
st_clng_tmpSupCWOverType,4628
evt_clng_snsrSupCWIssue,4629
st_clng_snsrSupCWIssueEnable,4630
st_clng_snsrSupCWIssueType,4631
val_clng_tmp_supRfg,4632
val_clng_tmp_supRfgOverThrshld,4633
evt_clng_tmpSupRfgOver,4634
st_clng_tmpSupRfgOverEnable,4635
st_clng_tmpSupRfgOverType,4636
evt_clng_tmpSupRfgUnder,4637
st_clng_tmpSupRfgUnderEnable,4638
st_clng_tmpSupRfgUnderType,4639
evt_clng_snsrSupRfgIssue,4640
st_clng_snsrSupRfgIssueEnable,4641
st_clng_snsrSupRfgIssueType,4642
val_clng_tmp_supFlu,4643
val_clng_tmp_supFluOverThrshld,4644
evt_clng_tmpSupFluOver,4645
st_clng_tmpSupFluOverEnable,4646
st_clng_tmpSupFluOverType,4647
evt_clng_tmpSupFluUnder,4648
st_clng_tmpSupFluUnderEnable,4649
st_clng_tmpSupFluUnderType,4650
evt_clng_snsrSupFluIssue,4651
st_clng_snsrSupFluIssueEnable,4652
st_clng_snsrSupFluIssueType,4653
st_pump_op1,4654
st_pump_op2,4655
evt_pump_flowLoss1,4656
st_pump_flowLossEnable1,4657
st_pump_flowLossType1,4658
evt_pump_flowLoss2,4659
st_pump_flowLossEnable2,4660
st_pump_flowLossType2,4661
evt_pump_shortCycle,4662
st_pump_shortCycleEnable,4663
st_pump_shortCycleType,4664
st_comp_op1A,4665
st_comp_op1B,4666
st_comp_op2A,4667
st_comp_op2B,4668
evt_comp_prsHigh1A,4669
st_comp_prsHighEnable1A,4670
st_comp_prsHighType1A,4671
evt_comp_prsHigh1B,4672
st_comp_prsHighEnable1B,4673
st_comp_prsHighType1B,4674
evt_comp_prsHigh2A,4675
st_comp_prsHighEnable2A,4676
st_comp_prsHighType2A,4677
evt_comp_prsHigh2B,4678
st_comp_prsHighEnable2B,4679
st_comp_prsHighType2B,4680
evt_comp_shortCycle1A,4681
st_comp_shortCycleEnable1A,4682
st_comp_shortCycleType1A,4683
evt_comp_shortCycle1B,4684
st_comp_shortCycleEnable1B,4685
st_comp_shortCycleType1B,4686
evt_comp_shortCycle2A,4687
st_comp_shortCycleEnable2A,4688
st_comp_shortCycleType2A,4689
evt_comp_shortCycle2B,4690
st_comp_shortCycleEnable2B,4691
st_comp_shortCycleType2B,4692
evt_comp_prsTandemLow1,4693
st_comp_prsTandemLowEnable1,4694
st_comp_prsTandemLowType1,4695
evt_comp_prsTandemLow2,4696
st_comp_prsTandemLowEnable2,4697
st_comp_prsTandemLowType2,4698
val_valv_pct_posHotGas1,4699
val_valv_pct_posHotGas2,4700
st_valv_posHotGasSolenoid1,4701
st_valv_posHotGasSolenoid2,4702
evt_valv_CWPosition,4703
st_valv_CWPositionEnable,4704
st_valv_CWPositionType,4705
st_sys_operating,4706
st_sys_controlMode,4707
val_clng_pct_output,4708
val_ext_tmp_airMinSetPt,4709
val_sys_tm_autoRestart,4710
evt_sys_condensDetect,4711
st_sys_condensDetectEnable,4712
st_sys_condensDetectType,4713
evt_sys_shutdownPwrLoss,4714
st_sys_shutdownPwrLossEnable,4715
st_sys_shutdownPwrLossType,4716
st_sys_eventAckReset,4717
st_ext_inpContactEnable01,4718
st_ext_inpContactType01,4719
evt_sys_smokeDetected,4720
st_sys_smokeDetectedEnable,4721
st_sys_smokeDetectedType,4722
evt_sys_waterUnderFloor,4723
st_sys_waterUnderFloorEnable,4724
st_sys_waterUnderFloorType,4725
evt_sys_serviceReq,4726
st_sys_serviceReqEnable,4727
st_sys_serviceReqType,4728
evt_fan_issue,4729
st_fan_issueEnable,4730
st_fan_issueType,4731
evt_rcp_loadDropped,4732
val_aux_tmp_snsrOffset,4733
val_aux_hmd_snsrOffset,4734
st_inp_qualification,4735
st_sbs_opState,4736
st_byp_qualification,4737
val_byp_tm_reXfrRemain,4738
val_bat_ah_dischargeConsumed,4739
evt_bat_autoTestInhibit,4740
evt_bat_selfTest,4741
evt_bat_lowShutdown,4742
st_dcb_qualification,4743
st_out_qualification,4744
st_inv_qualification,4745
st_inv_opState,4746
evt_sys_equipTempSensorFailed,4747
st_rct_opState,4748
evt_sys_fanFailureRedundant,4749
evt_sys_fanMultiple,4750
st_sys_upsConfigDescription,4751
st_sys_outputSource,4752
evt_sys_mainControllerFault,4753
evt_sys_breakerCloseFail,4754
evt_sys_inpFilterCycleLock,4755
evt_sys_serviceCodeActive,4756
evt_sys_lbsActive,4757
evt_sys_lbsInhibit,4758
evt_sys_leadingPF,4759
evt_sys_contResetReq,4760
str_sys_orderLine1,4761
str_sys_orderLine2,4762
str_sys_servicePhoneNumber,4763
st_sbs_backfeedBrkr,4764
st_sbs_loadDisconnect,4765
st_inp_brkr,4766
st_inp_trapFilterBrkr,4767
st_inv_outBrkr,4768
st_byp_intBrkr,4769
st_mbs_inpBrkr,4770
st_mbs_rctBrkr,4771
st_mbs_bypBrkr,4772
st_mbs_modIsoBrkr,4773
st_inv_outStaticSw,4774
st_mbs_outBrkr,4775
val_pem_ecUtlztnRating_LN,4776
val_pem_ecUtlztnRating_LL,4777
val_pem_ecUtlztnRating_L1,4778
val_pem_ecUtlztnRating_L2,4779
val_pem_ecUtlztnRating_L3,4780
val_rem_ecUtlztnRating_LN,4781
val_rem_ecUtlztnRating_LL,4782
val_rcp_ecUtlztnRating,4783
str_ext_inpContact01,4784
str_ext_inpContact02,4785
str_ext_inpContact03,4786
str_ext_inpContact04,4787
str_ext_inpContact05,4788
str_ext_inpContact06,4789
str_ext_inpContact07,4790
str_ext_inpContact08,4791
str_ext_inpContact09,4792
str_ext_inpContact10,4793
str_ext_inpContact11,4794
str_ext_inpContact12,4795
str_ext_inpContact13,4796
str_ext_inpContact14,4797
str_ext_inpContact15,4798
str_ext_inpContact16,4799
val_sys_na_ratedModuleCount,4800
val_mms_ep_outRmsPhsAB,4801
val_mms_ep_outRmsPhsBC,4802
val_mms_ep_outRmsPhsCA,4803
val_mms_ep_outRmsPhsAN,4804
val_mms_ep_outRmsPhsBN,4805
val_mms_ep_outRmsPhsCN,4806
val_mms_ec_outRmsPhsA,4807
val_mms_ec_outRmsPhsB,4808
val_mms_ec_outRmsPhsC,4809
val_mms_freq_out,4810
val_mms_pwr_out,4811
val_mms_ap_out,4812
val_mms_na_outPwrFactPhsA,4813
val_mms_na_outPwrFactPhsB,4814
val_mms_na_outPwrFactPhsC,4815
val_mms_pct_outPwrPhsAN,4816
val_mms_pct_outPwrPhsBN,4817
val_mms_pct_outPwrPhsCN,4818
val_mms_pct_outVaPhsA,4819
val_mms_pct_outVaPhsB,4820
val_mms_pct_outVaPhsC,4821
val_mms_na_redundModules,4822
evt_mms_parCommWarn,4823
evt_mms_sysCommFail,4824
evt_mms_lossRedundancy,4825
evt_mms_bpssStartInhibit,4826
evt_mms_xfer_inhibit,4827
evt_mms_rexfer_inhibit,4828
val_mms_na_moduleNumber,4829
evt_mms_syncLoss,4830
evt_mms_systemOverload,4831
str_mms_scc_monitoringAccessURL,4832
val_mms_na_numberOfModules,4833
evt_mms_onBatt,4834
evt_mms_lowBatt,4835
st_mms_modOutBrkr1,4836
st_mms_modOutBrkr2,4837
st_mms_modOutBrkr3,4838
st_mms_modOutBrkr4,4839
st_mms_modOutBrkr5,4840
st_mms_modOutBrkr6,4841
st_mms_modOutBrkr7,4842
st_mms_modOutBrkr8,4843
st_mms_inpBrkr1,4844
st_mms_inpBrkr2,4845
st_mms_inpBrkr3,4846
st_mms_inpBrkr4,4847
st_mms_inpBrkr5,4848
st_mms_inpBrkr6,4849
st_mms_inpBrkr7,4850
st_mms_inpBrkr8,4851
st_mms_sysOutBrkr,4852
st_mms_loadBankBrkr,4853
st_mms_isoOutBreaker,4854
st_mms_scc_eventSummary,4855
st_mms_commsSummary,4856
st_mms_eventSummary,4857
st_mms_inv_opState,4858
st_mms_out_qualification,4859
st_mms_sys_outputSource,4860
val_mms_pwr_mod,4861
val_mms_ap_mod,4862
val_mms_dcb_ep_dcbus,4863
val_mms_dcb_ec_dcbus,4864
val_mms_bat_tm_remaining,4865
str_mms_monitoringAccessURL,4866
val_sys_tmp_dewPnt,4867
val_sys_tm_nextMaintMonth,4868
val_sys_tm_nextMaintYear,4869
val_sys_pct_maintenanceRamp,4870
st_bat_upsBattStatus,4871
st_sys_upsOutputSource,4872
st_mms_upsBattStatus,4873
st_mms_upsOutputSource,4874
str_sys_cstName,4875
str_sys_cstStreetAddress,4876
str_sys_cstCity,4877
str_sys_cstState,4878
str_sys_cstZipCode,4879
str_sys_cstContactPerson,4880
str_sys_cstPhoneNumber,4881
str_sys_cstPhoneExtension,4882
str_sys_cstCellPhoneNumber,4883
str_sys_cstFaxNumber,4884
str_sys_cstEMailAddress,4885
str_sys_locName,4886
str_sys_locStreetAddress,4887
str_sys_locCity,4888
str_sys_locState,4889
str_sys_locZipCode,4890
str_sys_locContactPerson,4891
str_sys_locPhoneNumber,4892
str_sys_locPhoneExtension,4893
str_sys_locCellPhoneNumber,4894
str_sys_locFaxNumber,4895
str_sys_locEMailAddress,4896
str_bat_batteryName,4897
val_bat_batteryRating,4898
val_bstg_tmp_ambientTemperature,4899
val_bstg_ep_overallVoltage,4900
val_bstg_ec_stringCurrent,4901
val_bstg_ec_floatCurrent,4902
val_bstg_ec_rippleCurrent,4903
val_bstg_totalActiveAlarmsOnString,4904
st_bstg_resetAlarmsOnString,4905
evt_bstg_lowAmbientTemperature,4906
evt_bstg_highAmbientTemperature,4907
evt_bstg_lowOverallVoltage,4908
evt_bstg_highOverallVoltage,4909
evt_bstg_highStringCurrent,4910
evt_bstg_lowFloatCurrent,4911
evt_bstg_highFloatCurrent,4912
evt_bstg_highRippleCurrent,4913
evt_bstg_dischargeDetected,4914
evt_bstg_dischargeMaxTimeExceeded,4915
evt_bstg_dischargeLowOverallVoltage,4916
evt_bstg_dischargeLowCellVoltage,4917
evt_bstg_DischargeHighStringCurrent,4918
evt_bstg_maxCellToCellTemperatureDeviationExceeded,4919
evt_bstg_maxCellToAmbientTemperatureDeviationExceeded,4920
val_bstg_tmp_ambientTemperatureLowGlobalThreshold,4921
val_bstg_tmp_ambientTemperatureHighGlobalThreshold,4922
val_bstg_ep_overallVoltageLowThreshold,4923
val_bstg_ep_overallVoltageHighThreshold,4924
val_bstg_ec_stringCurrentHighThreshold,4925
val_bstg_ec_floatCurrentLowThreshold,4926
val_bstg_ec_floatCurrentHighThreshold,4927
val_bstg_ec_rippleCurrentHighThreshold,4928
val_bstg_ep_cellVoltageLowGlobalThreshold,4929
val_bstg_ep_cellVoltageHighGlobalThreshold,4930
val_bstg_tmp_cellTemperatureLowGlobalThreshold,4931
val_bstg_tmp_cellTemperatureHighGlobalThreshold,4932
val_bstg_internalResistanceLowGlobalThreshold,4933
val_bstg_internalResistanceHighGlobalThreshold,4934
val_bstg_interCellResistanceHighGlobalThreshold,4935
val_bstg_interTierResistanceHighGlobalThreshold,4936
val_bstg_tmp_maxCellToCellTemperatureDeviationThreshold,4937
val_bstg_tmp_maxCellToAmbientTemperatureDeviationThreshold,4938
str_bstg_stringName,4939
val_bstg_tm_installationDate,4940
str_bstg_cellMonoblocModelNumber,4941
str_bstg_cellMonoblocManufacturer,4942
val_bstg_cellMonoblocRating,4943
st_bstg_dischargeStatus,4944
val_bstg_tm_stringTimeToGo,4945
val_bstg_ampHoursRemainingOnString,4946
val_bstg_tm_discharge,4947
val_bstg_ep_lowCellVoltageDuringDischargeThreshold,4948
val_bstg_ep_lowOverallVoltageDuringDischargeThreshold,4949
val_bstg_ec_stringCurrentHighDuringDischargeThreshold,4950
val_bstg_tm_maxDischargeTimeAllowedThreshold,4951
str_bstg_startupEngineerName,4952
str_bstg_startupCompanyName,4953
str_bstg_startupCompanyStreetAddress,4954
str_bstg_startupCompanyCity,4955
str_bstg_startupCompanyState,4956
str_bstg_startupCompanyZipCode,4957
str_bstg_startupEngineerPhoneNumber,4958
str_bstg_startEngineerEMailAddress,4959
str_bstg_startupPOnumber,4960
val_bstg_tm_startupDate,4961
val_cell_ep_cellVoltage,4962
val_cell_tmp_cellTemperature,4963
evt_cell_lowCellVoltage,4964
evt_cell_highCellVoltage,4965
evt_cell_lowCellTemperature,4966
evt_cell_highCellTemperature,4967
evt_cell_lowInternalCellResistance,4968
evt_cell_highInternalCellResistance,4969
evt_cell_highInterCellResistance,4970
val_cell_ep_cellVoltageLowThreshold,4971
val_cell_ep_cellVoltageHighThreshold,4972
val_cell_tmp_cellTemperatureLowThreshold,4973
val_cell_tmp_cellTemperatureHighThreshold,4974
val_cell_internalResistanceLowThreshold,4975
val_cell_internalResistanceHighThreshold,4976
val_cell_interCellResistanceHighThreshold,4977
evt_it_highInterTierResistance,4978
val_it_interTierResistanceHighThreshold,4979
evt_clng_flowLossSupplyCW,4980
val_clng_tmp_supRfgSetPt,4981
val_clng_tmp_supRfgBand1,4982
evt_clng_tmpSupRfgOverBand1,4983
st_clng_tmpSupRfgOverBandEnbl_1,4984
st_clng_tmpSupRfgOverBandType1,4985
evt_clng_tmpSupRfgUnderBand1,4986
st_clng_tmpSupRfgUnderBandEnbl_1,4987
st_clng_tmpSupRfgUnderBandType1,4988
val_clng_tmp_supRfgBand2,4989
evt_clng_tmpSupRfgOverBand2,4990
st_clng_tmpSupRfgOverBandEnbl_2,4991
st_clng_tmpSupRfgOverBandType2,4992
evt_clng_tmpSupRfgUnderBand2,4993
st_clng_tmpSupRfgUnderBandEnbl_2,4994
st_clng_tmpSupRfgUnderBandType2,4995
evt_pump_inverterShortCycle1,4996
st_pump_inverterShortCycleEnable1,4997
st_pump_inverterShortCycleType1,4998
evt_pump_inverterShortCycle2,4999
st_pump_inverterShortCycleEnable2,5000
st_pump_inverterShortCycleType2,5001
val_sys_tmp_airSupply,5002
val_sys_tmp_airRet,5003
val_sys_tmp_dewPntRet,5004
val_ext_tmp_remSnsrMin,5005
val_ext_tmp_remSnsrMax,5006
val_ext_tmp_remSnsrAvg,5007
val_sys_tmp_airSetPt,5008
val_sys_tmp_airCoolingPropBand,5009
val_sys_tmp_airHeatingPropBand,5010
val_sys_tmp_airDeadBand,5011
st_sys_tmpSnsrAirControl,5012
st_ext_tmpRemSnsrCalc,5013
val_sys_tmp_airSupplyOverThrshld,5014
evt_sys_tmpAirSupplyOver,5015
st_sys_tmpAirSupplyOverEnable,5016
st_sys_tmpAirSupplyOverType,5017
val_sys_tmp_airSupplyUnderThrshld,5018
evt_sys_tmpAirSupplyUnder,5019
st_sys_tmpAirSupplyUnderEnable,5020
st_sys_tmpAirSupplyUnderType,5021
val_sys_tmp_airRetOverThrshld,5022
evt_sys_tmpAirRetOver,5023
st_sys_tmpAirRetOverEnable,5024
st_sys_tmpAirRetOverType,5025
evt_sys_snsrSupplyAirIssue,5026
val_sys_rh_airSupply,5027
val_sys_rh_airRet,5028
val_sys_rh_setPt,5029
val_sys_rh_hmdPropBand,5030
val_sys_rh_dhmdPropBand,5031
val_sys_rh_deadBand,5032
val_sys_rh_airRetOverThrshld,5033
evt_sys_rhAirRetOver,5034
val_sys_rh_airRetUnderThrshld,5035
evt_sys_rhAirRetUnder,5036
evt_hmd_hrsExceeded,5037
evt_dhmd_hrsExceeded,5038
evt_hmd_ecUnder,5039
evt_hmd_ecOver,5040
evt_hmd_waterLevelLow,5041
evt_hmd_cylinderWorn,5042
evt_hmd_issue,5043
evt_ext_hmdLockout,5044
evt_sys_hmdCtrlBdNotDetected,5045
evt_sys_rh_outOfPropBand,5046
st_fan_controlMode,5047
val_fan_tmp_propBand,5048
val_fan_pct_manSetPt,5049
val_fan_pct_maxSetPt,5050
val_fan_pct_minSetPt,5051
st_fan_snsrSpeedControl,5052
evt_sys_flowLossAir,5053
evt_fan_hrsExceeded,5054
evt_fan_issueTop,5055
evt_fan_issueBottom,5056
str_ext_remSnsrName,5057
st_ext_remSnsrFunc,5058
val_ext_tmp_remSnsr,5059
evt_ext_remSnsrIssue,5060
evt_comp_prsHigh1,5061
evt_comp_prsLow1,5062
evt_comp_hrsExceeded1,5063
evt_comp_tmpSnsrDigScroll_1,5064
evt_comp_tmpDigScrollOver1,5065
evt_comp_lowPrsXdcrIssue1,5066
evt_ext_compLockout,5067
evt_heat_tmpOver,5068
evt_heat_hrsExceeded1,5069
evt_ext_reheatLockout,5070
evt_cndsr_issue1,5071
evt_cndsr_vfdIssue,5072
evt_cndsr_tvssIssue,5073
st_sys_operatingReason,5074
val_ext_tm_bmsTimeout,5075
val_sys_pct_opEff,5076
val_fan_pct_speed,5077
val_comp_pct_utlztn,5078
val_dhmd_pct_utlztn,5079
val_heat_pct_utlztn,5080
val_hmd_pct_utlztn,5081
st_ext_flowLossEnable,5082
st_ext_flowLossType,5083
st_ext_reheatLockoutEnable,5084
st_ext_reheatLockoutType,5085
st_ext_hmdLockoutEnable,5086
st_ext_hmdLockoutType,5087
st_ext_compLockoutEnable,5088
st_ext_compLockoutType,5089
st_ext_overTempEnable,5090
st_ext_overTempType,5091
st_cndsr_vfdIssueEnable,5092
st_cndsr_vfdIssueType,5093
st_cndsr_tvssIssueEnable,5094
st_cndsr_tvssIssueType,5095
st_cndsr_issueEnable1,5096
st_cndsr_issueType1,5097
st_ext_inpContactEnable02,5098
st_ext_inpContactType02,5099
st_ext_inpContactEnable03,5100
st_ext_inpContactType03,5101
st_ext_inpContactEnable04,5102
st_ext_inpContactType04,5103
evt_ext_overTemp,5104
evt_ext_flowLoss,5105
evt_ext_cndsrPumpHighWater,5106
evt_ext_stdbyGlycolPumpOn,5107
evt_ext_fireDetect,5108
evt_sys_unitOn,5109
evt_sys_unitOff,5110
evt_sys_unitStandby,5111
evt_sys_partialShutdown,5112
evt_sys_shutdown,5113
evt_sys_snsrWaterLeakDetectIssue,5114
evt_ext_bmsCommTimeout,5115
evt_sys_maintDue,5116
evt_sys_maintCompleted,5117
evt_sys_cloggedAirFilter,5118
evt_sys_ramBatteryIssue,5119
evt_sys_masterCommLost,5120
evt_sys_highPwrShutdown,5121
st_ext_cndsrPumpHighWaterEnable,5122
st_ext_cndsrPumpHighWaterType,5123
st_comp_tmpDigScrollOverEnable1,5124
st_comp_tmpDigScrollOverType1,5125
evt_comp_tmpDigScrollOver2,5126
st_comp_tmpDigScrollOverEnable2,5127
st_comp_tmpDigScrollOverType2,5128
st_ext_stdbyGlycolPumpOnEnable,5129
st_ext_stdbyGlycolPumpOnType,5130
st_hmd_issueEnable,5131
st_hmd_issueType,5132
st_sys_masterCommLostEnable,5133
st_sys_masterCommLostType,5134
st_sys_cloggedAirFilterEnable,5135
st_sys_cloggedAirFilterType,5136
st_sys_rhAirRetOverEnable,5137
st_sys_rhAirRetOverType,5138
st_sys_rhAirRetUnderEnable,5139
st_sys_rhAirRetUnderType,5140
st_sys_highPwrShutdownEnable,5141
st_sys_highPwrShutdownType,5142
st_sys_onOffCtrl,5143
evt_sys_outOfUf,5144
evt_mms_modAlarmActive,5145
evt_comp_pumpDownIssue,5146
evt_sys_snsrRetAirIssue,5147
evt_comp_highPrsXdcrIssue,5148
evt_bat_notQualified,5149
evt_bat_reverse,5150
evt_bat_converterFail,5151
evt_inv_ssSCROpen,5152
evt_load_sharingFault,5153
evt_dcb_ep_abnormal,5154
evt_sys_inpNeutralLost,5155
evt_sys_loadImpactTransfer,5156
evt_sys_userOperationInvalid,5157
evt_power_sub_module_fault,5158
val_sys_ec_outCreFactPhsA,5159
val_sys_ec_outCreFactPhsB,5160
val_sys_ec_outCreFactPhsC,5161
str_sys_inpBusLabel,5162
str_sys_outBusLabel,5163
val_sys_ec_outRmsPhsN,5164
val_sys_ec_outRmsGnd,5165
val_sys_enrg_out,5166
val_sys_na_pwrFactOut,5167
val_sys_pct_ecOutRating,5168
val_sys_pct_epThdOutPhsA,5169
val_sys_pct_epThdOutPhsB,5170
val_sys_pct_epThdOutPhsC,5171
val_sys_pct_ecThdOutPhsA,5172
val_sys_pct_ecThdOutPhsB,5173
val_sys_pct_ecThdOutPhsC,5174
val_sys_ec_outKFactPhsA,5175
val_sys_ec_outKFactPhsB,5176
val_sys_ec_outKFactPhsC,5177
evt_sys_epOutOverLimit,5178
evt_sys_epOutUnderLimit,5179
evt_sys_ecOutOverLimit,5180
evt_sys_ecNeutOverLimit,5181
evt_sys_ecGndOverLimit,5182
evt_sys_epThdOutOverLimit,5183
evt_sys_freqOutErr,5184
evt_sys_tmpXfmrOverLimit,5185
str_pnl_label,5186
val_pnl_ep_rmsPhsAB,5187
val_pnl_ep_rmsPhsBC,5188
val_pnl_ep_rmsPhsCA,5189
val_pnl_ep_rmsPhsAN,5190
val_pnl_ep_rmsPhsBN,5191
val_pnl_ep_rmsPhsCN,5192
val_pnl_ec_rmsPhsA,5193
val_pnl_ec_rmsPhsB,5194
val_pnl_ec_rmsPhsC,5195
val_pnl_ec_rmsPhsN,5196
val_pnl_ec_rmsGnd,5197
val_pnl_ap_out,5198
val_pnl_pwr_out,5199
val_pnl_enrg_out,5200
val_pnl_na_pwrFact,5201
val_pnl_pct_ecRating,5202
val_pnl_pct_epThdPhsA,5203
val_pnl_pct_epThdPhsB,5204
val_pnl_pct_epThdPhsC,5205
val_pnl_pct_ecThdPhsA,5206
val_pnl_pct_ecThdPhsB,5207
val_pnl_pct_ecThdPhsC,5208
val_pnl_ec_creFactPhsA,5209
val_pnl_ec_creFactPhsB,5210
val_pnl_ec_creFactPhsC,5211
evt_pnl_summaryStatus,5212
evt_pnl_epOverLimit,5213
evt_pnl_epUnderLimit,5214
evt_pnl_ecPhsOverLimit,5215
evt_pnl_ecNeutOverLimit,5216
evt_pnl_ecGndOverLimit,5217
str_brnch_label,5218
val_brnch_ec_rmsL1,5219
val_brnch_ec_rmsL2,5220
val_brnch_ec_rmsL3,5221
val_brnch_pwr_out,5222
val_brnch_enrg_out,5223
val_brnch_na_pwrFctr,5224
val_brnch_pct_ecRating,5225
evt_brnch_ecOverLimit,5226
evt_brnch_ecUnderLimit,5227
str_subf_label,5228
val_subf_ec_rmsPhsA,5229
val_subf_ec_rmsPhsB,5230
val_subf_ec_rmsPhsC,5231
val_subf_ec_rmsPhsN,5232
val_subf_ec_rmsGnd,5233
val_subf_ap_out,5234
val_subf_pwr_out,5235
val_subf_enrg_out,5236
val_subf_na_pwrFact,5237
val_subf_pct_ecRating,5238
val_subf_pct_ecThdPhsA,5239
val_subf_pct_ecThdPhsB,5240
val_subf_pct_ecThdPhsC,5241
val_subf_ec_creFactPhsA,5242
val_subf_ec_creFactPhsB,5243
val_subf_ec_creFactPhsC,5244
evt_subf_ecPhsOverLimit,5245
evt_subf_ecNeutOverLimit,5246
evt_subf_ecGndOverLimit,5247
str_sys_pgmableEvtName,5248
evt_sys_pgmableEvtState,5249
val_sys_crstf_ecOutPhsA,5250
val_sys_crstf_ecOutPhsB,5251
val_sys_crstf_ecOutPhsC,5252
st_rem_rcpTypeExpanded,5253
val_rem_ec,5254
val_rem_ecAvailThrshldAlarm,5255
val_rem_ecUtlztnRating,5256
val_rem_pct_ecThrshldUnderAlarm,5257
val_rem_pct_ecThrshldOverWarn,5258
val_rem_pct_ecThrshldOverAlarm,5259
st_rcp_typeExpanded,5260
st_rem_lineSources,5261
val_comp_tmp_airShutDownLoThrshd,5262
evt_comp_notStopping,5263
st_comp_op,5264
st_comp_capacityCtrl,5265
val_comp_prs_head,5266
val_comp_tm_op,5267
val_comp_tm_opThreshold,5268
evt_comp_hrsExceeded,5269
evt_comp_prsHigh,5270
evt_comp_prsLow,5271
evt_comp_thermOverload,5272
evt_comp_prsOilLow,5273
evt_comp_prsOverThrshld,5274
evt_comp_prsDiffLoss,5275
val_cndsr_pct_fanSpeed,5276
evt_cndsr_fanIssue,5277
evt_cndsr_prsLowRfg,5278
val_clng_prs_fluid,5279
evt_clng_prsFluidLow,5280
val_clng_tmp_fluCoolingPropBand,5281
val_clng_tmp_supFluSetPtActual,5282
val_clng_tmp_supFluSetPt1,5283
val_clng_tmp_supFluSetPt2,5284
val_clng_tmp_supFluOverThrshld2,5285
val_clng_tmp_supFluUnderThrshld,5286
val_clng_tmp_supFluUnderThrshld2,5287
val_clng_tmp_retFlu,5288
val_clng_tmp_retFluOverThrshld,5289
val_clng_tmp_retFluOverThrshld2,5290
val_clng_tmp_retFluUnderThrshld,5291
val_clng_tmp_retFluUnderThrshld2,5292
evt_clng_tmpRetFluOver,5293
evt_clng_tmpRetFluUnder,5294
evt_clng_snsrRetFluIssue,5295
evt_clng_snsrRetFluIssueTeam,5296
evt_pump_flowLossAll,5297
val_pump_tm_op,5298
val_pump_tm_opThreshold,5299
evt_pump_hrsExceeded,5300
val_sys_tmp_FCFluidAirDeltaExt,5301
st_sys_statusFC,5302
val_valv_pct_posFC,5303
val_valv_tm_opFC,5304
val_valv_tm_opThresholdFC,5305
evt_valv_hrsExceededFC,5306
val_evap_tmp_retFlu,5307
evt_evap_snsrInletIssue,5308
evt_evap_snsrInletIssueTeam,5309
evt_evap_tmpFluOutFreezeAutoRst,5310
evt_evap_tmpFluOutFreezeManRst,5311
val_clng_tmp_supBrineSetPt,5312
val_clng_tmp_supHotWtrSetPt,5313
val_sys_na_standbyUnits,5314
evt_sys_subgroupEvtWhileCommLoss,5315
st_comp_prsHighEnable,5316
st_comp_prsHighType,5317
st_comp_prsLowEnable,5318
st_comp_prsLowType,5319
st_comp_thermOverloadEnable,5320
st_comp_thermOverloadType,5321
st_rem_capabilitiesExtended,5322
st_rcp_capabilitiesExtended,5323
st_sys_tmpAirCtrlType,5324
val_sys_tmp_airPropBand,5325
val_sys_tm_tmpAirCtrlIntegral,5326
val_ext_tmp_airDailyHigh,5327
val_ext_tm_tmpAirDailyHigh,5328
val_ext_tmp_airDailyLow,5329
val_ext_tm_tmpAirDailyLow,5330
val_sys_tmp_airSupplySetPt,5331
st_sys_tmpSnsrSupplyAirControl,5332
val_sys_tmp_airRetSetPt,5333
val_sys_tmp_airRetUnderThrshld,5334
evt_sys_tmpAirRetUnder,5335
val_ext_tmp_airC,5336
val_ext_tmp_airOverThrshldA,5337
val_ext_tmp_airUnderThrshldA,5338
val_sys_rh_retSetPt,5339
st_sys_hmdPropCtrlType,5340
val_sys_rh_propBand,5341
val_sys_tm_hmdPropCtrlIntegral,5342
val_ext_pct_hmdDailyHigh,5343
val_ext_tm_hmdDailyHigh,5344
val_ext_pct_hmdDailyLow,5345
val_ext_tm_hmdDailyLow,5346
val_ext_pct_hmdtyAirC,5347
val_ext_rh_airOverThrshldA,5348
evt_ext_rhAirOverA,5349
val_ext_rh_airUnderThrshldA,5350
evt_ext_rhAirUnderA,5351
evt_comp_shortCycle,5352
val_comp_tmp_dschgDigScr,5353
evt_comp_tmpSnsrDschgDigScr,5354
evt_comp_tmpDigScrollOver,5355
val_sys_tmp_FCFluidAirDeltaInt,5356
st_sys_controlModeFCInt,5357
val_clng_tmp_fluidFC,5358
st_clng_tmpCWMinSetPtEnable,5359
val_clng_tmp_cWMinSetPt,5360
evt_ext_FCLockout,5361
evt_clng_snsrFCIssue,5362
val_valv_tm_opHWHG,5363
val_valv_tm_opThresholdHWHG,5364
evt_valv_hrsExceededHWHG,5365
val_heat_tm_op,5366
val_heat_tm_opThrshld,5367
evt_heat_hrsExceeded,5368
val_hmd_tm_op,5369
val_hmd_tm_opThrshld,5370
val_dhmd_tm_op,5371
val_dhmd_tm_opThrshld,5372
st_fan_controlModeExp,5373
val_fan_tm_op,5374
val_fan_tm_opThreshold,5375
evt_fan_mainOverload,5376
evt_cndsr_issue,5377
val_inp_na_analog,5378
val_valv_pct_FC,5379
val_valv_pct_HWHG,5380
st_fan_opState,5381
st_sys_opStateCooling,5382
st_sys_opStateFC,5383
st_sys_opStateMaintTrack,5384
st_heat_opStateHWHG,5385
st_heat_opStateElectric,5386
st_dhmd_opState,5387
st_hmd_opState,5388
st_ext_FCLockoutEnable,5389
st_ext_FCLockoutType,5390
st_ext_stdbyUnitOnEnable,5391
st_ext_stdbyUnitOnType,5392
st_ext_airBlowerLossEnable,5393
st_ext_airBlowerLossType,5394
st_comp_pumpDownIssueEnable,5395
st_comp_pumpDownIssueType,5396
st_comp_shortCycleEnable,5397
st_comp_shortCycleType,5398
st_comp_tmpDschgDigScrOverEnable,5399
st_comp_tmpDschgDigScrOverType,5400
st_ext_snsrAirEventsEnableA,5401
st_sys_snsrRetAirEventsEnable,5402
st_ext_rhAirOverEnableA,5403
st_ext_rhAirOverTypeA,5404
st_ext_rhAirUnderEnableA,5405
st_ext_rhAirUnderTypeA,5406
st_sys_tmpAirRetUnderEnable,5407
st_sys_tmpAirRetUnderType,5408
st_fan_hrsExceededEnable,5409
st_fan_hrsExceededType,5410
st_fan_mainOverloadEnable,5411
st_fan_mainOverloadType,5412
st_cndsr_issueEnable,5413
st_cndsr_issueType,5414
evt_ext_airBlowerLoss,5415
evt_ext_stdbyUnitOn,5416
evt_sys_digOutBdNotDetected,5417
evt_sys_missingUnitCode,5418
evt_sys_unitCommLost,5419
st_pnl_type,5420
val_brnch_breakerPosition,5421
evt_sys_hiTempEPO,5422
evt_auxTooManySensors,5423
st_pdu_moduleTypeExtended,5424
str_aux_sensorSerialNumber,5425
str_aux_tmpSensorLabelUsrAssign,5426
str_aux_tmpSensorAssetTag01,5427
str_aux_tmpSensorAssetTag02,5428
str_aux_hmdSensorLabelUsrAssign,5429
str_aux_hmdSensorAssetTag01,5430
str_aux_hmdSensorAssetTag02,5431
evt_xfmr_hiTempEpo,5432
evt_xfmr_tmpOverLimit,5433
evt_xfmr_tempSensorFailed,5434
st_bstg_resetAckAlarmsOnString,5435
evt_bstg_lowAmbientTemperature2,5436
evt_bstg_highAmbientTemperature2,5437
evt_bstg_thermalRunawayDetected,5438
evt_bstg_equalizeMode,5439
evt_bstg_offlineMode,5440
st_bstg_commissionedStatus,5441
evt_cell_dischargeLowCellVoltage,5442
val_cell_internalResistance,5443
val_cell_interCellResistance,5444
